{"cameraMode":{"drawMode":0,"name":"Shaded","section":"Shading Mode"},"sceneLighting":false,"audioPlay":false,"sceneViewState":{"showFog":true,"showMaterialUpdate":false,"showSkybox":true,"showFlares":true,"showImageEffects":true,"showParticleSystems":true},"in2DMode":false,"pivot":{"x":99.91680145263672,"y":18.801956176757814,"z":58.148250579833987},"rotation":{"x":-0.11861211061477661,"y":0.7236377000808716,"z":-0.1285468190908432,"w":-0.6676790118217468},"size":3.474214553833008,"orthographic":false}