{"cameraMode":{"drawMode":0,"name":"Shaded","section":"Shading Mode"},"sceneLighting":false,"audioPlay":false,"sceneViewState":{"showFog":true,"showMaterialUpdate":false,"showSkybox":true,"showFlares":true,"showImageEffects":true,"showParticleSystems":true},"in2DMode":false,"pivot":{"x":-8.244400024414063,"y":0.3910369873046875,"z":-25.571334838867189},"rotation":{"x":0.3101973533630371,"y":0.5522695779800415,"z":-0.23207199573516847,"w":0.7381905913352966},"size":22.834428787231447,"orthographic":false}